window,scenario,drift_score,avg_accuracy,accuracy_drop,detector
1,concept_education,0.5129677285535241,0.7961010543067436,0.0554797924540813,Classifier_RF
1,covariate_age,0.9118577658716138,0.825542072806843,0.02603877395398191,Classifier_RF
1,label_income,0.6178220245283385,0.7323453351899741,0.11923551157085077,Classifier_RF
1,no_drift,0.5129677285535241,0.8374776208474239,0.014103225913400963,Classifier_RF
2,concept_education,0.507978873004238,0.7955042769047145,0.056076569856110425,Classifier_RF
2,covariate_age,0.9091577853831916,0.8321066242291626,0.01947422253166231,Classifier_RF
2,label_income,0.6273260085815786,0.7286652078774617,0.12291563888336321,Classifier_RF
2,no_drift,0.507978873004238,0.8456335786751541,0.005947268085670809,Classifier_RF
3,concept_education,0.5151260869794495,0.7979908494131689,0.053589997347656015,Classifier_RF
3,covariate_age,0.905697556482502,0.8352894370399842,0.016291409720840755,Classifier_RF
3,label_income,0.6190797302831992,0.7437835687288641,0.10779727803196082,Classifier_RF
3,no_drift,0.5151260869794495,0.8471255221802267,0.004455324580598163,Classifier_RF
4,concept_education,0.5166241718565706,0.7953053511040382,0.05627549565678669,Classifier_RF
4,covariate_age,0.906576456381077,0.833001790332206,0.0185790564286189,Classifier_RF
4,label_income,0.6165458618756076,0.7235925999602149,0.12798824680061005,Classifier_RF
4,no_drift,0.5166241718565706,0.8448378754724488,0.006742971288376087,Classifier_RF
5,concept_education,0.5215829250843305,0.7999801074199324,0.05160073934089249,Classifier_RF
5,covariate_age,0.9115385054834566,0.8341953451362641,0.017385501624560762,Classifier_RF
5,label_income,0.6267327511500405,0.7258802466679928,0.12570060009283213,Classifier_RF
5,no_drift,0.5215829250843305,0.8499104833896957,0.0016703633711292465,Classifier_RF
1,concept_education,0.0489357469663815,0.7961010543067436,0.0554797924540813,Autoencoder
1,covariate_age,0.0650487368211657,0.825542072806843,0.02603877395398191,Autoencoder
1,label_income,0.0899144619057091,0.7323453351899741,0.11923551157085077,Autoencoder
1,no_drift,0.0531794973808102,0.8374776208474239,0.014103225913400963,Autoencoder
2,concept_education,0.0448246137524036,0.7955042769047145,0.056076569856110425,Autoencoder
2,covariate_age,0.0554339897884755,0.8321066242291626,0.01947422253166231,Autoencoder
2,label_income,0.07970293747099,0.7286652078774617,0.12291563888336321,Autoencoder
2,no_drift,0.0481400437636761,0.8456335786751541,0.005947268085670809,Autoencoder
3,concept_education,0.0550361381871228,0.7979908494131689,0.053589997347656015,Autoencoder
3,covariate_age,0.0551687553875737,0.8352894370399842,0.016291409720840755,Autoencoder
3,label_income,0.0972084079305086,0.7437835687288641,0.10779727803196082,Autoencoder
3,no_drift,0.048272660964127,0.8471255221802267,0.004455324580598163,Autoencoder
4,concept_education,0.0451561567535309,0.7953053511040382,0.05627549565678669,Autoencoder
4,covariate_age,0.0584841853988462,0.833001790332206,0.0185790564286189,Autoencoder
4,label_income,0.0861348716928585,0.7235925999602149,0.12798824680061005,Autoencoder
4,no_drift,0.0503282275711159,0.8448378754724488,0.006742971288376087,Autoencoder
5,concept_education,0.0478085007625489,0.7999801074199324,0.05160073934089249,Autoencoder
5,covariate_age,0.0716132882434851,0.8341953451362641,0.017385501624560762,Autoencoder
5,label_income,0.0844108480869968,0.7258802466679928,0.12570060009283213,Autoencoder
5,no_drift,0.0517870167760758,0.8499104833896957,0.0016703633711292465,Autoencoder
